{
  "epoch": [
    0,
    1,
    2,
    3,
    4,
    5,
    6,
    7,
    8,
    9
  ],
  "train_loss": [
    1.3862945262008177,
    1.3862945262008177,
    1.3862945262008177,
    1.3862945262008177,
    1.3862945262008177,
    1.3862945262008177,
    1.3862945262008177,
    1.3862945262008177,
    1.3862945262008177,
    1.3862945262008177
  ],
  "val_raw_f1": [
    0.11394039156339544,
    0.08735084620604529,
    0.07857500232981482,
    0.07807841431112363,
    0.07807841431112363,
    0.07807841431112363,
    0.07807841431112363,
    0.07807841431112363,
    0.07807841431112363,
    0.07807841431112363
  ],
  "val_decoded_f1": [
    0.07807841431112363,
    0.07807841431112363,
    0.07807841431112363,
    0.07807841431112363,
    0.12778615010357225,
    0.12778615010357225,
    0.12778615010357225,
    0.12778615010357225,
    0.12778615010357225,
    0.12778615010357225
  ]
}