{
  "epoch": [
    0,
    1,
    2,
    3,
    4,
    5,
    6,
    7,
    8,
    9,
    10,
    11,
    12,
    13,
    14,
    15,
    16,
    17,
    18,
    19
  ],
  "train_loss": [
    1.3726075358802845,
    0.8828132869182146,
    0.7141464462881573,
    0.6281283022332724,
    0.5741110723826233,
    0.5425039652582214,
    0.5240154944603592,
    0.5074231383928375,
    0.49189368231638075,
    0.4806587459806131,
    0.46959360153475455,
    0.46393785577660046,
    0.4556550728417117,
    0.45114197645823123,
    0.4498830237648974,
    0.44293751589066993,
    0.4410401840799192,
    0.4399562701837269,
    0.433292966965698,
    0.4306810889728093
  ],
  "val_raw_f1": [
    0.3374486719369576,
    0.5139155870246293,
    0.5643315431263058,
    0.5940485267817812,
    0.6212720927715011,
    0.6311724361631069,
    0.6611018902432002,
    0.693211883479836,
    0.6982359676108519,
    0.7026189450876057,
    0.7099515374261968,
    0.730378541564144,
    0.7284108903897568,
    0.7352502652594652,
    0.7474603642740955,
    0.7404142829371891,
    0.7611220559935898,
    0.7676371822024243,
    0.7627438669150333,
    0.7645369342667803
  ],
  "val_decoded_f1": [
    0.3999477854989488,
    0.5428377244359839,
    0.5927058617226646,
    0.6037907295725238,
    0.6073650925287822,
    0.6160703083390398,
    0.639498897143824,
    0.6607021412162192,
    0.6712879038482581,
    0.6744927844688006,
    0.6852160461290941,
    0.7126952491435277,
    0.7095618951335636,
    0.7209956805394853,
    0.7385555447696361,
    0.7248480875579558,
    0.7547676455582748,
    0.7640296270719109,
    0.7512265679745306,
    0.753229360975223
  ]
}