{
  "epoch": [
    0,
    1,
    2,
    3,
    4,
    5,
    6,
    7,
    8,
    9,
    10,
    11,
    12,
    13,
    14,
    15,
    16,
    17,
    18,
    19
  ],
  "train_loss": [
    1.4208000800536398,
    0.9375054709892054,
    0.7799919306002544,
    0.693758699609242,
    0.6327456785664558,
    0.5939557090086741,
    0.5685091453868716,
    0.5456544003672493,
    0.5263372515708968,
    0.5144383582628191,
    0.5030424534964333,
    0.4978105787137277,
    0.48972116024526136,
    0.48478220674839867,
    0.4836646199320963,
    0.4764209106639912,
    0.47499003999474454,
    0.473086912680503,
    0.46693350199349803,
    0.4648338134781958
  ],
  "train_ce_loss": [
    1.3734945001918444,
    0.8938609883293551,
    0.7308147559739268,
    0.6456578814112475,
    0.5857061292863933,
    0.5487668337219679,
    0.5255263181070512,
    0.504522954433158,
    0.48840300261386893,
    0.47819842971482246,
    0.46846844780087665,
    0.46416884024575417,
    0.4577562840685921,
    0.4538587651823694,
    0.45384541732575695,
    0.44709767087239266,
    0.4466482108383931,
    0.44532270437921406,
    0.4397608903275316,
    0.4377844783051504
  ],
  "train_kl_loss": [
    0.04730556169469716,
    0.04364448280277371,
    0.049177185623897196,
    0.04810082977394353,
    0.04703955196766566,
    0.04518886822751258,
    0.04298283042464772,
    0.0411314469436536,
    0.03793425241604019,
    0.0362399298794779,
    0.034574001326900604,
    0.03364173956424398,
    0.031964869098674374,
    0.030923435866735256,
    0.029819204782697416,
    0.029323249125084064,
    0.028341836567828613,
    0.02776420860638253,
    0.027172618504179444,
    0.027049341353992888
  ],
  "val_raw_f1": [
    0.3561404220273677,
    0.4885880050084456,
    0.5494912503433252,
    0.5710659688767625,
    0.5830477937717711,
    0.5977969244942253,
    0.6002972516632596,
    0.6089447987637455,
    0.6143034577582791,
    0.6136940804750635,
    0.6148646374216064,
    0.6275837714328504,
    0.6319215880052018,
    0.6388179889956641,
    0.6486710527207834,
    0.6542792864426599,
    0.6780340207420227,
    0.7122343663028491,
    0.7107600611973355,
    0.7118378355022074
  ],
  "val_decoded_f1": [
    0.4102790491194316,
    0.4849255435347233,
    0.5512229386091544,
    0.5718517000716389,
    0.584594200327979,
    0.6024654652179862,
    0.6063266030658014,
    0.612562348501945,
    0.6190970048270352,
    0.6176905828855048,
    0.6205947907947291,
    0.629975648255551,
    0.6334642388703908,
    0.6251106149620602,
    0.6311049628883934,
    0.6295880293787386,
    0.6516934631624111,
    0.6799001798898242,
    0.6755875454841354,
    0.6815199971361945
  ]
}