{
  "epoch": [
    0,
    1,
    2,
    3,
    4,
    5,
    6,
    7,
    8,
    9,
    10,
    11,
    12,
    13,
    14,
    15,
    16,
    17,
    18,
    19
  ],
  "train_loss": [
    1.3886225857875216,
    0.9012750785921723,
    0.7376725648104002,
    0.6506129787128876,
    0.5955656701066894,
    0.561927056003268,
    0.5414820446429826,
    0.5223509436516093,
    0.5046533336885256,
    0.49210665862111763,
    0.4811805319625901,
    0.4753027279347774,
    0.46694391957173653,
    0.46222720399972517,
    0.4609525167934868,
    0.45363785296757536,
    0.4515729294459931,
    0.44975776274977985,
    0.4433529749432795,
    0.4408981848972715
  ],
  "train_ce_loss": [
    1.371294012525251,
    0.8838778300707456,
    0.7164890894012804,
    0.6291162237665411,
    0.5734150358423987,
    0.5402036221057979,
    0.520639210094274,
    0.502274984207549,
    0.4861745834155935,
    0.47465096904269205,
    0.4649465371548129,
    0.4594504591480379,
    0.45206310376480624,
    0.44806515655279966,
    0.447242343287279,
    0.4402060950602239,
    0.4385784908481085,
    0.43708796307838155,
    0.43091031958109377,
    0.42854062879563287
  ],
  "train_kl_loss": [
    0.05776188768926872,
    0.05799083113179905,
    0.07061159774935455,
    0.0716558517015123,
    0.07383542328767127,
    0.07241142444019008,
    0.06947609724736796,
    0.06691985330220207,
    0.06159583812095777,
    0.058185612405863694,
    0.05411329565044435,
    0.05284088646646263,
    0.04960270470738798,
    0.04720681337980326,
    0.04570057451409255,
    0.044772537047890686,
    0.04331480194285078,
    0.042232667547025,
    0.04147551614048112,
    0.041191851699374546
  ],
  "val_raw_f1": [
    0.3454322751518657,
    0.5076325414932772,
    0.5633391056509136,
    0.5813796097002008,
    0.5956042706850153,
    0.6046671161078914,
    0.6175213209269985,
    0.641001190667426,
    0.6447983938162234,
    0.6523958884892318,
    0.6611391222906546,
    0.6946326352547456,
    0.6942880548328746,
    0.7078427718100964,
    0.724219458211927,
    0.7200499290883853,
    0.7425028813737045,
    0.7570170610399463,
    0.7526375851999468,
    0.7520812860153206
  ],
  "val_decoded_f1": [
    0.4053863347524456,
    0.525683146933422,
    0.5817151141673083,
    0.5932147393552016,
    0.598968664571215,
    0.6132829599053654,
    0.6085180311629392,
    0.6153677339035979,
    0.6301465795754929,
    0.6322127436596783,
    0.6479995919571664,
    0.6707714057561174,
    0.6693761782749857,
    0.6711689616184836,
    0.6936662480324386,
    0.6884689470871758,
    0.7259384851308742,
    0.7471970487174611,
    0.7419416165484992,
    0.7353427224544158
  ]
}