{
  "epoch": [
    0,
    1,
    2,
    3,
    4,
    5,
    6,
    7,
    8,
    9,
    10,
    11,
    12,
    13,
    14,
    15,
    16,
    17,
    18,
    19
  ],
  "train_loss": [
    1.3781705645514162,
    0.8893632437513276,
    0.7226709157429103,
    0.6358342082927161,
    0.5811087722282556,
    0.5490287467432736,
    0.5300698611431557,
    0.5127567701036362,
    0.4964596176215378,
    0.48476836816107344,
    0.47375063770157905,
    0.46800057577111887,
    0.45961841749075183,
    0.4550708565152987,
    0.4537863259849052,
    0.4467104127190613,
    0.4447329384076497,
    0.4433685222459361,
    0.4368669610149739,
    0.4342359376188742
  ],
  "train_ce_loss": [
    1.3719786504947182,
    0.8829060805029842,
    0.7145284872203773,
    0.6273299266801555,
    0.5723069547224422,
    0.5403482320194141,
    0.5216635368433891,
    0.5045794873423003,
    0.4888677523807135,
    0.47756151819975173,
    0.4670976909014787,
    0.46151336758127265,
    0.45354525891238445,
    0.44930501428044567,
    0.44823659208663225,
    0.44125761529186147,
    0.4394638764839583,
    0.4382260582340823,
    0.43182274618604405,
    0.42924136524106404
  ],
  "train_kl_loss": [
    0.06191908413019925,
    0.06457169075493253,
    0.08142431030521825,
    0.08504282567877443,
    0.08801815808253831,
    0.08680511875546723,
    0.08406321677756594,
    0.08177280483973835,
    0.07591865779210338,
    0.0720684735192751,
    0.06652945807470788,
    0.0648720529759478,
    0.0607315372795424,
    0.057658394251300565,
    0.055497335965893124,
    0.0545279914667344,
    0.052690621715290036,
    0.051424627348381206,
    0.050442145998410806,
    0.04994571924205651
  ],
  "val_raw_f1": [
    0.3403454658432833,
    0.5124231978026574,
    0.5641129097213047,
    0.5875927505160312,
    0.6119438615052392,
    0.6201788613104994,
    0.6435152173627243,
    0.6792264579433462,
    0.6827243207383857,
    0.6892941435691444,
    0.6977707742036945,
    0.7219116104897778,
    0.7201545550452688,
    0.7277339805283248,
    0.7415805095915646,
    0.7350646141209751,
    0.7562264883839441,
    0.7669796300911128,
    0.7609006559043506,
    0.7615874223457757
  ],
  "val_decoded_f1": [
    0.4012518708270363,
    0.5365162615507899,
    0.5879144856285421,
    0.6016021372024125,
    0.6059508232587253,
    0.6156313091009773,
    0.6326500983959258,
    0.6479885955493909,
    0.6537960551450713,
    0.6530055176517943,
    0.6726506140253683,
    0.6958230030346599,
    0.6928655354995465,
    0.7085648829016753,
    0.7252490884164786,
    0.7201817836516738,
    0.74942260369388,
    0.7591795778354369,
    0.7490018119586661,
    0.7534699958009742
  ]
}